{
  "meta": {
    "uuid": "01f1-09fb-13af0d1a-8c00-8a1622ee1b5d",
    "batchNr": 0,
    "batchSuffix": "single",
    "exportedAt": "2026-02-14T23:17:58.436Z",
    "totalQuestionsRaw": 155,
    "totalQuestionsExported": 155,
    "totalImages": 23,
    "pageSize": 50,
    "exportHtmlFields": true,
    "dedupeAnswers": true,
    "scriptVersion": "batch-dedupe-multicorrect-imageszip-1.0.0"
  },
  "images": [
    {
      "questionId": "01ed-494f-19db9160-ac00-5e8dc53a6d9c",
      "fileBase": "img_01ed-494f-19db9160-ac00-5e8dc53a6d9c_01",
      "fileName": "img_01ed-494f-19db9160-ac00-5e8dc53a6d9c_01.jpg",
      "url": "https://www.docsdocs.net/resuser/img/question/6/60/608991c946eded827b37d3371bf17bbf.jpg"
    },
    {
      "questionId": "01ed-494f-b9619572-b200-d955776f40a3",
      "fileBase": "img_01ed-494f-b9619572-b200-d955776f40a3_01",
      "fileName": "img_01ed-494f-b9619572-b200-d955776f40a3_01.jpg",
      "url": "https://www.docsdocs.net/resuser/img/question/4/47/4742fb57420cc78a6836167c7d75c447.jpg"
    },
    {
      "questionId": "01ed-4953-4f8122e0-8200-b60895c0bf7c",
      "fileBase": "img_01ed-4953-4f8122e0-8200-b60895c0bf7c_01",
      "fileName": "img_01ed-4953-4f8122e0-8200-b60895c0bf7c_01.jpg",
      "url": "https://www.docsdocs.net/resuser/img/question/7/71/7105e46d9440af38be85fd9e34ca39cb.jpg"
    },
    {
      "questionId": "01ed-4954-accb8c8c-9a00-48fbdc61a62b",
      "fileBase": "img_01ed-4954-accb8c8c-9a00-48fbdc61a62b_01",
      "fileName": "img_01ed-4954-accb8c8c-9a00-48fbdc61a62b_01.jpg",
      "url": "https://www.docsdocs.net/resuser/img/question/2/25/252d896cf5c3e00b95ec61e982bed605.jpg"
    },
    {
      "questionId": "01ed-4955-e4afa2ea-a600-d2f2d57ddda3",
      "fileBase": "img_01ed-4955-e4afa2ea-a600-d2f2d57ddda3_01",
      "fileName": "img_01ed-4955-e4afa2ea-a600-d2f2d57ddda3_01.jpg",
      "url": "https://www.docsdocs.net/resuser/img/question/8/82/8221a1b8aea8c701b0a5043a6b01769d.jpg"
    },
    {
      "questionId": "01ed-4956-87e2053e-8700-69f3f113581a",
      "fileBase": "img_01ed-4956-87e2053e-8700-69f3f113581a_01",
      "fileName": "img_01ed-4956-87e2053e-8700-69f3f113581a_01.jpg",
      "url": "https://www.docsdocs.net/resuser/img/question/1/1c/1c9fca948a097ef798c9719e6efb153a.jpg"
    },
    {
      "questionId": "01ed-4956-ecced03a-9500-e7ffff37662e",
      "fileBase": "img_01ed-4956-ecced03a-9500-e7ffff37662e_01",
      "fileName": "img_01ed-4956-ecced03a-9500-e7ffff37662e_01.jpg",
      "url": "https://www.docsdocs.net/resuser/img/question/d/dd/dde23a78a8481dfc758fbf1c4b0ccc44.jpg"
    },
    {
      "questionId": "01ed-495d-7054a082-9600-69596758a447",
      "fileBase": "img_01ed-495d-7054a082-9600-69596758a447_01",
      "fileName": "img_01ed-495d-7054a082-9600-69596758a447_01.jpg",
      "url": "https://www.docsdocs.net/resuser/img/question/f/f9/f95525882732ea477df116b016354846.jpg"
    },
    {
      "questionId": "01ef-4d00-4e34fa58-b100-14beff8075e9",
      "fileBase": "img_01ef-4d00-4e34fa58-b100-14beff8075e9_01",
      "fileName": "img_01ef-4d00-4e34fa58-b100-14beff8075e9_01.png",
      "url": "https://www.docsdocs.net/resuser/img/question/b/b9/b92387c8d04fbb0b71c1324f5a5b4d50.png"
    },
    {
      "questionId": "01ef-4d01-4b4ae342-a800-90195dde5bb5",
      "fileBase": "img_01ef-4d01-4b4ae342-a800-90195dde5bb5_01",
      "fileName": "img_01ef-4d01-4b4ae342-a800-90195dde5bb5_01.png",
      "url": "https://www.docsdocs.net/resuser/img/question/6/66/6682426e7d71950124266b5c221b32e7.png"
    },
    {
      "questionId": "01ef-4d02-3d0629e4-b300-fef1fb26dcde",
      "fileBase": "img_01ef-4d02-3d0629e4-b300-fef1fb26dcde_01",
      "fileName": "img_01ef-4d02-3d0629e4-b300-fef1fb26dcde_01.png",
      "url": "https://www.docsdocs.net/resuser/img/question/2/28/2835d14e3508bcfcae3942038ce1ac3d.png"
    },
    {
      "questionId": "01ef-4d02-d8ea4174-a600-b6e86741b1bc",
      "fileBase": "img_01ef-4d02-d8ea4174-a600-b6e86741b1bc_01",
      "fileName": "img_01ef-4d02-d8ea4174-a600-b6e86741b1bc_01.png",
      "url": "https://www.docsdocs.net/resuser/img/question/d/d4/d45c544a195388ba152e668d9d7424ec.png"
    },
    {
      "questionId": "01ef-4d09-2df51058-8200-f7ade3136718",
      "fileBase": "img_01ef-4d09-2df51058-8200-f7ade3136718_01",
      "fileName": "img_01ef-4d09-2df51058-8200-f7ade3136718_01.png",
      "url": "https://www.docsdocs.net/resuser/img/question/a/a2/a2653bc3db29adfe18e7c55be1243e2a.png"
    },
    {
      "questionId": "01ef-4d1c-f736f7f2-b200-4d77fd364aca",
      "fileBase": "img_01ef-4d1c-f736f7f2-b200-4d77fd364aca_01",
      "fileName": "img_01ef-4d1c-f736f7f2-b200-4d77fd364aca_01.png",
      "url": "https://www.docsdocs.net/resuser/img/question/a/a4/a43e39364453ca10230f4168c7782a5b.png"
    },
    {
      "questionId": "01ef-5322-9d0296cc-9800-867c2c14cbc9",
      "fileBase": "img_01ef-5322-9d0296cc-9800-867c2c14cbc9_01",
      "fileName": "img_01ef-5322-9d0296cc-9800-867c2c14cbc9_01.png",
      "url": "https://www.docsdocs.net/resuser/img/question/0/08/082c80ffd87805066819964959d79ff9.png"
    },
    {
      "questionId": "01ef-5323-9fe22488-bd00-58bb14c1e1e9",
      "fileBase": "img_01ef-5323-9fe22488-bd00-58bb14c1e1e9_01",
      "fileName": "img_01ef-5323-9fe22488-bd00-58bb14c1e1e9_01.png",
      "url": "https://www.docsdocs.net/resuser/img/question/2/28/28bc33b77a9696e8dbeb577f005a4f82.png"
    },
    {
      "questionId": "01ef-5324-3c71e338-9800-5ef6cc0ed4b9",
      "fileBase": "img_01ef-5324-3c71e338-9800-5ef6cc0ed4b9_01",
      "fileName": "img_01ef-5324-3c71e338-9800-5ef6cc0ed4b9_01.png",
      "url": "https://www.docsdocs.net/resuser/img/question/d/d0/d0c385448ecb682b2fde5f6ec2e4dacd.png"
    },
    {
      "questionId": "01ef-eeeb-dca2a2a8-a800-dafb7f38df6c",
      "fileBase": "img_01ef-eeeb-dca2a2a8-a800-dafb7f38df6c_01",
      "fileName": "img_01ef-eeeb-dca2a2a8-a800-dafb7f38df6c_01.jpg",
      "url": "https://www.docsdocs.net/resuser/img/question/e/e7/e7d04b01419a164932ad062966e63e4a.jpg"
    },
    {
      "questionId": "01ef-eeec-6cf29caa-9200-b02cea5f7144",
      "fileBase": "img_01ef-eeec-6cf29caa-9200-b02cea5f7144_01",
      "fileName": "img_01ef-eeec-6cf29caa-9200-b02cea5f7144_01.jpg",
      "url": "https://www.docsdocs.net/resuser/img/question/1/1f/1f3ca1f209a2daccdb796834875b5fcc.jpg"
    },
    {
      "questionId": "01ef-eeec-d289cade-9800-816e3b721c8f",
      "fileBase": "img_01ef-eeec-d289cade-9800-816e3b721c8f_01",
      "fileName": "img_01ef-eeec-d289cade-9800-816e3b721c8f_01.jpg",
      "url": "https://www.docsdocs.net/resuser/img/question/3/3e/3e45cd34a541119ba87c81062bee63fe.jpg"
    },
    {
      "questionId": "01ef-eeed-391df284-a200-368ba1dd0632",
      "fileBase": "img_01ef-eeed-391df284-a200-368ba1dd0632_01",
      "fileName": "img_01ef-eeed-391df284-a200-368ba1dd0632_01.png",
      "url": "https://www.docsdocs.net/resuser/img/question/e/e7/e77fddc058f6d78d1c01850fa2eb3b86.png"
    },
    {
      "questionId": "01ef-eeee-887ce186-ad00-e239642d3f48",
      "fileBase": "img_01ef-eeee-887ce186-ad00-e239642d3f48_01",
      "fileName": "img_01ef-eeee-887ce186-ad00-e239642d3f48_01.png",
      "url": "https://www.docsdocs.net/resuser/img/question/0/0b/0b1a6836998f8364b48e063ae29ffceb.png"
    },
    {
      "questionId": "01ef-eeef-be274082-ab00-ca30765250dc",
      "fileBase": "img_01ef-eeef-be274082-ab00-ca30765250dc_01",
      "fileName": "img_01ef-eeef-be274082-ab00-ca30765250dc_01.jpg",
      "url": "https://www.docsdocs.net/resuser/img/question/7/79/79e7847550cf47f2b1f39d3499b8cafe.jpg"
    }
  ]
}